key,value,description
PIECE_DENSITY,1.2,"모든 기물의 기본 밀도입니다. 높이면 전체 기물이 무거워집니다."
PIECE_FRICTION,0.05,"로컬 및 스테이지 등 온라인 이외 모드의 마찰입니다. 높이면 덜 미끄러집니다."
CLASSIC_FRICTION,0.2,"온라인 대전의 마찰입니다. 높이면 덜 미끄러집니다."
PIECE_RESTITUTION,0.6,"충돌 후 튀는 정도입니다. 0은 반발 없음이며 1에 가까울수록 크게 튑니다."
PIECE_LINEAR_DAMPING,0,"이동 속도가 줄어드는 정도입니다. 0이면 추가 감속이 없습니다."
PIECE_ANGULAR_DAMPING,0,"회전 속도가 줄어드는 정도입니다. 0이면 추가 회전 감속이 없습니다."
MAX_LAUNCH_SPEED,11,"온라인 이외 모드의 기본 최대 발사 속도입니다. 기물별 파워 배율이 추가로 적용됩니다."
CLASSIC_MAX_LAUNCH_SPEED,7,"온라인 대전에서 나이트를 제외한 기물의 기본 최대 발사 속도입니다."
CLASSIC_KNIGHT_MAX_LAUNCH_SPEED,4.5,"온라인 대전에서 나이트의 기본 최대 발사 속도입니다."
KNIGHT_LAUNCH_ANGLE_DEG,65,"나이트가 도약하는 각도입니다. 단위는 도입니다."
KNIGHT_MIN_LAUNCH_POWER,0.38,"나이트의 최소 발사 세기입니다. 0.38은 최대 세기의 38퍼센트입니다."
ROOK_MAX_OVERDRIVE_POWER,1.5,"룩의 중앙 타격 최대 세기입니다. 1.5는 기본 최대 세기의 150퍼센트입니다."
ROOK_SPIN_MAX_POWER,1.0,"룩의 회전 타격 최대 세기입니다. 1은 기본 최대 세기의 100퍼센트입니다."
BISHOP_SPIN_TORQUE_MULTIPLIER,2.2,"비숍의 충돌 회전 효과 배율입니다. 높이면 회전 효과가 커집니다."
BISHOP_DEFLECTION_IMPULSE_FACTOR,0.65,"비숍의 충돌 후 굴절 효과 배율입니다. 높이면 굴절 충격이 커집니다."
PAWN_WEIGHT_MULTIPLIER,1,"폰 무게 배율입니다. 1은 기존 무게이며 1.2는 20퍼센트 무겁게 합니다."
PAWN_POWER_MULTIPLIER,1,"폰 발사 속도 배율입니다. 1은 기존 속도이며 0.9는 10퍼센트 느리게 합니다."
KNIGHT_WEIGHT_MULTIPLIER,1,"나이트 무게 배율입니다. 1은 기존 무게이며 1.2는 20퍼센트 무겁게 합니다."
KNIGHT_POWER_MULTIPLIER,1,"나이트 발사 속도 배율입니다. 1은 기존 속도이며 0.9는 10퍼센트 느리게 합니다."
BISHOP_WEIGHT_MULTIPLIER,1,"비숍 무게 배율입니다. 1은 기존 무게이며 1.2는 20퍼센트 무겁게 합니다."
BISHOP_POWER_MULTIPLIER,1,"비숍 발사 속도 배율입니다. 1은 기존 속도이며 0.9는 10퍼센트 느리게 합니다."
ROOK_WEIGHT_MULTIPLIER,1,"룩 무게 배율입니다. 1은 기존 무게이며 1.2는 20퍼센트 무겁게 합니다."
ROOK_POWER_MULTIPLIER,1,"룩 발사 속도 배율입니다. 1은 기존 속도이며 0.9는 10퍼센트 느리게 합니다."
QUEEN_WEIGHT_MULTIPLIER,1,"퀸 무게 배율입니다. 1은 기존 무게이며 1.2는 20퍼센트 무겁게 합니다."
QUEEN_POWER_MULTIPLIER,1,"퀸 발사 속도 배율입니다. 1은 기존 속도이며 0.9는 10퍼센트 느리게 합니다."
KING_WEIGHT_MULTIPLIER,1,"킹 무게 배율입니다. 1은 기존 무게이며 1.2는 20퍼센트 무겁게 합니다."
KING_POWER_MULTIPLIER,1,"킹 발사 속도 배율입니다. 1은 기존 속도이며 0.9는 10퍼센트 느리게 합니다."
